{"name":{"0":"Apple iPhone 8 (PRODUCT)RED (Red| 64 GB)","1":"Apple iPhone 6 (Gold| 32 GB)","2":"Apple iPhone 6s Plus (Gold| 32 GB)","3":"Apple iPhone 7 (Rose Gold| 32 GB)","4":"Apple iPhone 7 (Silver| 32 GB)","5":"Apple iPhone 7 (Black| 32 GB)","6":"Apple iPhone 7 (Gold| 32 GB)","7":"Apple iPhone 6s (Silver| 32 GB)","8":"Apple iPhone 6s Plus (Space Grey| 32 GB)","9":"Apple iPhone 6s Plus (Rose Gold| 32 GB)","10":"Apple iPhone 6s (Space Grey| 32 GB)","11":"Apple iPhone 6s (Rose Gold| 32 GB)","12":"Mu M200","13":"Apple iPhone 8 (Space Grey| 256 GB)","14":"Apple iPhone 6s Plus (Silver| 32 GB)","15":"Apple iPhone 6s (Gold| 32 GB)","16":"Apple iPhone X (Silver| 256 GB)","17":"Apple iPhone 8 Plus (Silver| 64 GB)","18":"Apple iPhone 8 Plus (PRODUCT)RED (Red| 64 GB)","19":"Apple iPhone 8 Plus (Space Grey| 64 GB)","20":"Apple iPhone 8 Plus (Gold| 64 GB)","21":"Apple iPhone 7 Plus (Silver| 32 GB)","22":"Apple iPhone 7 Plus (Jet Black| 256 GB)","23":"Apple iPhone XS Max (Gold| 256 GB)","24":"Apple iPhone XR (Coral| 256 GB)","25":"Apple iPhone 8 (Gold| 256 GB)","26":"Apple iPhone 7 (Gold| 256 GB)","27":"Apple iPhone 7 Plus (Silver| 256 GB)","28":"Apple iPhone 7 Plus (Black| 32 GB)","29":"Apple iPhone 7 Plus (Rose Gold| 256 GB)","30":"Apple iPhone XS (Space Grey| 256 GB)","31":"Apple iPhone XS Max (Gold| 64 GB)","32":"Apple iPhone XR (Black| 64 GB)","33":"Apple iPhone 7 (Jet Black| 128 GB)","34":"Apple iPhone XR (Yellow| 64 GB)","35":"Apple iPhone 7 Plus (Gold| 32 GB)","36":"Apple iPhone X (Space Gray| 64 GB)","37":"Apple iPhone XR ((PRODUCT)RED| 64 GB)","38":"Apple iPhone XS (Silver| 256 GB)","39":"Apple iPhone 7 (Black| 128 GB)","40":"Apple iPhone XR (Blue| 64 GB)","41":"Apple iPhone 7 Plus (Rose Gold| 128 GB)","42":"Apple iPhone XS (Gold| 64 GB)","43":"Apple iPhone 7 (Gold| 128 GB)","44":"Apple iPhone 7 Plus (Gold| 128 GB)","45":"Apple iPhone XS (Space Grey| 64 GB)","46":"Apple iPhone XS Max (Space Grey| 64 GB)","47":"Apple iPhone 7 (Rose Gold| 128 GB)","48":"Apple iPhone XS Max (Space Grey| 512 GB)","49":"Apple iPhone XR (White| 64 GB)","50":"Apple iPhone XR (Coral| 64 GB)","51":"Apple iPhone XS (Gold| 512 GB)","52":"Apple iPhone SE (Gold| 32 GB)","53":"Apple iPhone SE (Space Grey| 32 GB)","54":"Apple iPhone 7 (Jet Black| 32 GB)","55":"Apple iPhone XR (Coral| 128 GB)","56":"Apple iPhone SE (Silver| 32 GB)","57":"Apple iPhone 6s (Rose Gold| 16 GB)","58":"Apple iPhone 7 (Black| 256 GB)","59":"Apple iPhone 7 (Silver| 256 GB)","60":"Apple iPhone 7 (PRODUCT) (Red| 256 GB)","61":"Apple iPhone 7 (Jet Black| 256 GB)","62":"Apple iPhone 6s (Silver| 64 GB)","63":"Apple iPhone XR ((PRODUCT)RED| 128 GB)","64":"Apple iPhone 7 Plus (Black| 256 GB)","65":"Apple iPhone 6s (Gold| 16 GB)","66":"Apple iPhone 6s Plus (Rose Gold| 128 GB)","67":"Apple iPhone 6s Plus (Space Grey| 64 GB)","68":"Apple iPhone 7 Plus (Gold| 256 GB)","69":"Apple iPhone XS (Silver| 512 GB)","70":"Apple iPhone 6s (Silver| 128 GB)","71":"Apple iPhone 7 Plus (PRODUCT) (Red| 256 GB)","72":"Apple iPhone 6s (Space Grey| 16 GB)","73":"Apple iPhone 6s (Rose Gold| 128 GB)","74":"Apple iPhone 6s Plus (Gold| 128 GB)","75":"Apple iPhone SE (Silver| 128 GB)","76":"Apple iPhone 6s (Space Grey| 64 GB)","77":"Apple iPhone SE (Space Grey| 128 GB)","78":"Apple iPhone SE (Rose Gold| 128 GB)","79":"Apple iPhone 5C (White| 32 GB)","80":"Apple iPhone SE (Space Grey| 64 GB)","81":"Apple iPhone 5C (Blue| 8 GB)","82":"Apple iPhone 6s Plus (Space Grey| 128 GB)","83":"Apple iPhone 6s (Space Grey| 128 GB)","84":"Apple iPhone 5C (White| 8 GB)","85":"Apple iPhone 5C (Yellow| 8 GB)","86":"Apple iPhone XR (Blue| 256 GB)","87":"Apple iPhone XR ((PRODUCT)RED| 256 GB)","88":"Apple iPhone 6 Plus (Space Grey| 16 GB)","89":"Apple iPhone 6 Plus (Silver| 128 GB)","90":"Apple iPhone 6 Plus (Silver| 64 GB)","91":"Apple iPhone 6 Plus (Space Grey| 64 GB)","92":"Apple iPhone 6 Plus (Gold| 64 GB)","93":"Apple iPhone SE (Gold| 64 GB)","94":"Apple iPhone 5C (Pink| 8 GB)","95":"Apple iPhone 5C (Yellow| 32 GB)","96":"Apple iPhone 7 Plus (Jet Black| 32 GB)","97":"Apple iPhone 4s (White| 8 GB)","98":"Apple iPhone 4s (Black| 8 GB)","99":"Apple iPhone 4s (White| 8 GB)","100":"Apple iPhone 4s (Black| 16 GB)","101":"Apple iPhone 8 Plus (PRODUCT)RED (Red| 256 GB)","102":"Apple iPhone 6 (Silver| 64 GB)","103":"Apple iPhone 6 (Silver| 16 GB)","104":"Apple iPhone 6 (Gold| 128 GB)","105":"Apple iPhone 6 (Gold| 16 GB)","106":"Apple iPhone 5s (Silver| 16 GB)","107":"Apple iPhone 5s (Space Grey| 16 GB)","108":"Apple iPhone 5s (Gold| 16 GB)","109":"Apple iPhone 6 (Silver| 128 GB)","110":"Apple iPhone 6 (Grey| 128 GB)","111":"Apple iPhone 6 (Gold| 64 GB)"},"camera":{"0":"12MP Rear Camera | 7MP Front Camera","1":"8MP Rear Camera | 1.2MP Front Camera","2":"12MP Rear Camera | 5MP Front Camera","3":"12MP Rear Camera | 7MP Front Camera","4":"12MP Rear Camera | 7MP Front Camera","5":"12MP Rear Camera | 7MP Front Camera","6":"12MP Rear Camera | 7MP Front Camera","7":"12MP Rear Camera | 5MP Front Camera","8":"12MP Rear Camera | 5MP Front Camera","9":"12MP Rear Camera | 5MP Front Camera","10":"12MP Rear Camera | 5MP Front Camera","11":"12MP Rear Camera | 5MP Front Camera","12":"1.3MP Rear Camera","13":"12MP Rear Camera | 7MP Front Camera","14":"12MP Rear Camera | 5MP Front Camera","15":"12MP Rear Camera | 5MP Front Camera","16":"12MP + 12MP | 7MP Front Camera","17":"12MP + 12MP | 7MP Front Camera","18":"12MP + 12MP | 7MP Front Camera","19":"12MP + 12MP | 7MP Front Camera","20":"12MP + 12MP | 7MP Front Camera","21":"12MP + 12MP | 7MP Front Camera","22":"12MP + 12MP | 7MP Front Camera","23":"12MP + 12MP | 7MP Front Camera","24":"12MP Rear Camera | 7MP Front Camera","25":"12MP Rear Camera | 7MP Front Camera","26":"12MP Rear Camera | 7MP Front Camera","27":"12MP + 12MP | 7MP Front Camera","28":"12MP + 12MP | 7MP Front Camera","29":"12MP + 12MP | 7MP Front Camera","30":"12MP + 12MP | 7MP Front Camera","31":"12MP + 12MP | 7MP Front Camera","32":"12MP Rear Camera | 7MP Front Camera","33":"12MP Rear Camera | 7MP Front Camera","34":"12MP Rear Camera | 7MP Front Camera","35":"12MP + 12MP | 7MP Front Camera","36":"12MP + 12MP | 7MP Front Camera","37":"12MP Rear Camera | 7MP Front Camera","38":"12MP + 12MP | 7MP Front Camera","39":"12MP Rear Camera | 7MP Front Camera","40":"12MP Rear Camera | 7MP Front Camera","41":"12MP + 12MP | 7MP Front Camera","42":"12MP + 12MP | 7MP Front Camera","43":"12MP Rear Camera | 7MP Front Camera","44":"12MP + 12MP | 7MP Front Camera","45":"12MP + 12MP | 7MP Front Camera","46":"12MP + 12MP | 7MP Front Camera","47":"12MP Rear Camera | 7MP Front Camera","48":"12MP + 12MP | 7MP Front Camera","49":"12MP Rear Camera | 7MP Front Camera","50":"12MP Rear Camera | 7MP Front Camera","51":"12MP + 12MP | 7MP Front Camera","52":"12MP Rear Camera | 1.2MP Front Camera","53":"12MP Rear Camera | 1.2MP Front Camera","54":"12MP Rear Camera | 7MP Front Camera","55":"12MP Rear Camera | 7MP Front Camera","56":"12MP Rear Camera | 1.2MP Front Camera","57":"12MP Rear Camera | 5MP Front Camera","58":"12MP Rear Camera | 7MP Front Camera","59":"12MP Rear Camera | 7MP Front Camera","60":"12MP Rear Camera | 7MP Front Camera","61":"12MP Rear Camera | 7MP Front Camera","62":"12MP Rear Camera | 5MP Front Camera","63":"12MP Rear Camera | 7MP Front Camera","64":"12MP + 12MP | 7MP Front Camera","65":"12MP Rear Camera | 5MP Front Camera","66":"12MP Rear Camera | 5MP Front Camera","67":"12MP Rear Camera | 5MP Front Camera","68":"12MP + 12MP | 7MP Front Camera","69":"12MP + 12MP | 7MP Front Camera","70":"12MP Rear Camera | 5MP Front Camera","71":"12MP Rear Camera | 7MP Front Camera","72":"12MP Rear Camera | 5MP Front Camera","73":"12MP Rear Camera | 5MP Front Camera","74":"12MP Rear Camera | 5MP Front Camera","75":"12MP Rear Camera | 1.2MP Front Camera","76":"12MP Rear Camera | 5MP Front Camera","77":"12MP Rear Camera | 1.2MP Front Camera","78":"12MP Rear Camera | 1.2MP Front Camera","79":"8MP Rear Camera | 1.2MP Front Camera","80":"12MP Rear Camera | 1.2MP Front Camera","81":"8MP Rear Camera | 1.2MP Front Camera","82":"12MP Rear Camera | 5MP Front Camera","83":"12MP Rear Camera | 5MP Front Camera","84":"8MP Rear Camera | 1.2MP Front Camera","85":"8MP Rear Camera | 1.2MP Front Camera","86":"12MP Rear Camera | 7MP Front Camera","87":"12MP Rear Camera | 7MP Front Camera","88":"8MP Rear Camera | 1.2MP Front Camera","89":"8MP Rear Camera | 1.2MP Front Camera","90":"8MP Rear Camera | 1.2MP Front Camera","91":"8MP Rear Camera | 1.2MP Front Camera","92":"8MP Rear Camera | 1.2MP Front Camera","93":"12MP Rear Camera | 1.2MP Front Camera","94":"8MP Rear Camera | 1.2MP Front Camera","95":"8MP Rear Camera | 1.2MP Front Camera","96":"12MP + 12MP | 7MP Front Camera","97":"8MP Rear Camera | 0.3MP Front Camera","98":"8MP Rear Camera | 0.3MP Front Camera","99":"8MP Rear Camera | 0.3MP Front Camera","100":"8MP Rear Camera | 0.3MP Front Camera","101":"12MP + 12MP | 7MP Front Camera","102":"8MP Rear Camera | 1.2MP Front Camera","103":"8MP Rear Camera | 1.2MP Front Camera","104":"8MP Rear Camera | 1.2MP Front Camera","105":"8MP Rear Camera | 1.2MP Front Camera","106":"8MP Rear Camera | 1.2MP Front Camera","107":"8MP Rear Camera | 1.2MP Front Camera","108":"8MP Rear Camera | 1.2MP Front Camera","109":"8MP Rear Camera | 1.2MP Front Camera","110":"8MP Rear Camera | 1.2MP Front Camera","111":"8MP Rear Camera | 1.2MP Front Camera"},"display":{"0":"11.94 cm (4.7 inch) Retina HD Display","1":"11.94 cm (4.7 inch) Retina HD Display","2":"13.97 cm (5.5 inch) Retina HD Display","3":"11.94 cm (4.7 inch) Retina HD Display","4":"11.94 cm (4.7 inch) Retina HD Display","5":"11.94 cm (4.7 inch) Retina HD Display","6":"11.94 cm (4.7 inch) Retina HD Display","7":"11.94 cm (4.7 inch) Retina HD Display","8":"13.97 cm (5.5 inch) Retina HD Display","9":"13.97 cm (5.5 inch) Retina HD Display","10":"11.94 cm (4.7 inch) Retina HD Display","11":"11.94 cm (4.7 inch) Retina HD Display","12":"3.66 cm (1.44 inch) Display","13":"11.94 cm (4.7 inch) Retina HD Display","14":"13.97 cm (5.5 inch) Retina HD Display","15":"11.94 cm (4.7 inch) Retina HD Display","16":"14.73 cm (5.8 inch) Super Retina HD Display","17":"13.97 cm (5.5 inch) Retina HD Display","18":"13.97 cm (5.5 inch) Retina HD Display","19":"13.97 cm (5.5 inch) Retina HD Display","20":"13.97 cm (5.5 inch) Retina HD Display","21":"13.97 cm (5.5 inch) Retina HD Display","22":"13.97 cm (5.5 inch) Retina HD Display","23":"16.51 cm (6.5 inch) Super Retina HD Display","24":"15.49 cm (6.1 inch) Display","25":"11.94 cm (4.7 inch) Retina HD Display","26":"11.94 cm (4.7 inch) Retina HD Display","27":"13.97 cm (5.5 inch) Retina HD Display","28":"13.97 cm (5.5 inch) Retina HD Display","29":"13.97 cm (5.5 inch) Retina HD Display","30":"14.73 cm (5.8 inch) Super Retina HD Display","31":"16.51 cm (6.5 inch) Super Retina HD Display","32":"15.49 cm (6.1 inch) Display","33":"11.94 cm (4.7 inch) Retina HD Display","34":"15.49 cm (6.1 inch) Display","35":"13.97 cm (5.5 inch) Retina HD Display","36":"14.73 cm (5.8 inch) Super Retina HD Display","37":"15.49 cm (6.1 inch) Display","38":"14.73 cm (5.8 inch) Super Retina HD Display","39":"11.94 cm (4.7 inch) Retina HD Display","40":"15.49 cm (6.1 inch) Display","41":"13.97 cm (5.5 inch) Retina HD Display","42":"14.73 cm (5.8 inch) Super Retina HD Display","43":"11.94 cm (4.7 inch) Retina HD Display","44":"13.97 cm (5.5 inch) Retina HD Display","45":"14.73 cm (5.8 inch) Super Retina HD Display","46":"16.51 cm (6.5 inch) Super Retina HD Display","47":"11.94 cm (4.7 inch) Retina HD Display","48":"16.51 cm (6.5 inch) Super Retina HD Display","49":"15.49 cm (6.1 inch) Display","50":"15.49 cm (6.1 inch) Display","51":"14.73 cm (5.8 inch) Super Retina HD Display","52":"10.16 cm (4 inch) Retina Display","53":"10.16 cm (4 inch) Retina Display","54":"11.94 cm (4.7 inch) Retina HD Display","55":"15.49 cm (6.1 inch) Display","56":"10.16 cm (4 inch) Retina Display","57":"11.94 cm (4.7 inch) Retina HD Display","58":"11.94 cm (4.7 inch) Retina HD Display","59":"11.94 cm (4.7 inch) Retina HD Display","60":"11.94 cm (4.7 inch) Retina HD Display","61":"11.94 cm (4.7 inch) Retina HD Display","62":"11.94 cm (4.7 inch) Retina HD Display","63":"15.49 cm (6.1 inch) Display","64":"13.97 cm (5.5 inch) Retina HD Display","65":"11.94 cm (4.7 inch) Retina HD Display","66":"13.97 cm (5.5 inch) Retina HD Display","67":"13.97 cm (5.5 inch) Retina HD Display","68":"13.97 cm (5.5 inch) Retina HD Display","69":"14.73 cm (5.8 inch) Super Retina HD Display","70":"11.94 cm (4.7 inch) Retina HD Display","71":"13.97 cm (5.5 inch) Retina HD Display","72":"11.94 cm (4.7 inch) Retina HD Display","73":"11.94 cm (4.7 inch) Retina HD Display","74":"13.97 cm (5.5 inch) Retina HD Display","75":"10.16 cm (4 inch) Retina Display","76":"11.94 cm (4.7 inch) Retina HD Display","77":"10.16 cm (4 inch) Retina Display","78":"10.16 cm (4 inch) Retina Display","79":"10.16 cm (4 inch) Retina Display","80":"10.16 cm (4 inch) Retina Display","81":"10.16 cm (4 inch) Retina Display","82":"13.97 cm (5.5 inch) Retina HD Display","83":"11.94 cm (4.7 inch) Retina HD Display","84":"10.16 cm (4 inch) Retina Display","85":"10.16 cm (4 inch) Retina Display","86":"15.49 cm (6.1 inch) Display","87":"15.49 cm (6.1 inch) Display","88":"13.97 cm (5.5 inch) Retina HD Display","89":"13.97 cm (5.5 inch) Retina HD Display","90":"13.97 cm (5.5 inch) Retina HD Display","91":"13.97 cm (5.5 inch) Retina HD Display","92":"13.97 cm (5.5 inch) Retina HD Display","93":"10.16 cm (4 inch) Retina Display","94":"10.16 cm (4 inch) Retina Display","95":"10.16 cm (4 inch) Retina Display","96":"13.97 cm (5.5 inch) Retina HD Display","97":"8.89 cm (3.5 inch) Display","98":"8.89 cm (3.5 inch) Display","99":"8.89 cm (3.5 inch) Retina Display","100":"8.89 cm (3.5 inch) NA Display","101":"13.97 cm (5.5 inch) Retina HD Display","102":"11.94 cm (4.7 inch) Retina HD Display","103":"11.94 cm (4.7 inch) Retina HD Display","104":"11.94 cm (4.7 inch) Retina HD Display","105":"11.94 cm (4.7 inch) Retina HD Display","106":"10.16 cm (4 inch) Retina Display","107":"10.16 cm (4 inch) Retina Display","108":"10.16 cm (4 inch) Retina Display","109":"11.94 cm (4.7 inch) Retina HD Display","110":"11.94 cm (4.7 inch) Retina HD Display","111":"11.94 cm (4.7 inch) Retina HD Display"},"price":{"0":"59,990","1":"22,999","2":"33,999","3":"38,999","4":"38,999","5":"38,999","6":"38,999","7":"28,999","8":"33,999","9":"33,999","10":"29,990","11":"29,990","12":"869","13":"68,999","14":"33,999","15":"29,990","16":"1,01,999","17":"68,999","18":"68,990","19":"68,999","20":"68,999","21":"51,999","22":"64,999","23":"1,24,900","24":"91,900","25":"68,999","26":"57,790","27":"64,890","28":"50,499","29":"64,900","30":"1,13,490","31":"1,09,900","32":"73,999","33":"55,555","34":"75,999","35":"52,490","36":"84,990","37":"75,999","38":"1,12,800","39":"53,500","40":"75,999","41":"61,990","42":"98,900","43":"52,999","44":"60,899","45":"98,490","46":"1,09,900","47":"52,999","48":"1,36,000","49":"75,999","50":"75,999","51":"1,29,990","52":"16,999","53":"17,999","54":"39,900","55":"76,990","56":"17,999","57":"31,999","58":"63,999","59":"63,999","60":"63,999","61":"63,999","62":"49,999","63":"81,900","64":"73,999","65":"41,999","66":"39,999","67":"59,999","68":"73,999","69":"1,34,900","70":"55,999","71":"73,999","72":"31,999","73":"55,999","74":"45,490","75":"28,490","76":"49,999","77":"27,799","78":"28,990","79":"53,500","80":"28,990","81":"14,999","82":"49,990","83":"43,490","84":"14,999","85":"37,500","86":"91,900","87":"91,900","88":"39,999","89":"48,999","90":"48,999","91":"48,999","92":"71,500","93":"27,490","94":"22,199","95":"25,999","96":"53,999","97":"12,999","98":"12,999","99":"38,500","100":"38,500","101":"79,999","102":"25,999","103":"36,990","104":"49,999","105":"36,499","106":"25,000","107":"25,000","108":"14,999","109":"62,999","110":"52,000","111":"26,999"},"processor":{"0":"A11 Bionic Chip with 64-bit Architecture, Neural Engine, Embedded M11 Motion Coprocessor Processor","1":"A8 Chip with 64-bit Architecture and M8 Motion Co-processor","2":"Apple A9 64-bit processor and Embedded M9 Motion Co-processor","3":"Apple A10 Fusion 64-bit processor and Embedded M10 Motion Co-processor","4":"Apple A10 Fusion 64-bit processor and Embedded M10 Motion Co-processor","5":"Apple A10 Fusion 64-bit processor and Embedded M10 Motion Co-processor","6":"Apple A10 Fusion 64-bit processor and Embedded M10 Motion Co-processor","7":"Apple A9 64-bit processor and M9 Motion Co-processor","8":"Apple A9 64-bit processor and Embedded M9 Motion Co-processor","9":"Apple A9 64-bit processor and Embedded M9 Motion Co-processor","10":"Apple A9 64-bit processor and Embedded M9 Motion Co-processor","11":"Apple A9 64-bit processor and M9 Motion Co-processor","12":"700 mAh Battery","13":"A11 Bionic Chip with 64-bit Architecture, Neural Engine, Embedded M11 Motion Coprocessor Processor","14":"Apple A9 64-bit processor and Embedded M9 Motion Co-processor","15":"Apple A9 64-bit processor and Embedded M9 Motion Co-processor","16":"A11 Bionic Chip with 64-bit Architecture, Neural Engine, Embedded M11 Motion Coprocessor Processor","17":"A11 Bionic Chip with 64-bit Architecture, Neural Engine, Embedded M11 Motion Coprocessor Processor","18":"A11 Bionic Chip with 64-bit Architecture, Neural Engine, Embedded M11 Motion Coprocessor Processor","19":"A11 Bionic Chip with 64-bit Architecture, Neural Engine, Embedded M11 Motion Coprocessor Processor","20":"A11 Bionic Chip with 64-bit Architecture, Neural Engine, Embedded M11 Motion Coprocessor Processor","21":"Apple A10 Fusion 64-bit processor and Embedded M10 Motion Co-processor","22":"Apple A10 Fusion 64-bit processor and Embedded M10 Motion Co-processor","23":"A12 Bionic Chip Processor","24":"A12 Bionic Chip Processor","25":"A11 Bionic Chip with 64-bit Architecture, Neural Engine, Embedded M11 Motion Coprocessor Processor","26":"A10 Fusion Chip with 64-bit Architecture and Embedded M10 Motion Co-processor","27":"Apple A10 Fusion 64-bit processor and Embedded M10 Motion Co-processor","28":"Apple A10 Fusion 64-bit processor and Embedded M10 Motion Co-processor","29":"Apple A10 Fusion 64-bit processor and Embedded M10 Motion Co-processor","30":"A12 Bionic Chip Processor","31":"A12 Bionic Chip Processor","32":"A12 Bionic Chip Processor","33":"Apple A10 Fusion 64-bit processor and Embedded M10 Motion Co-processor","34":"A12 Bionic Chip Processor","35":"Apple A10 Fusion 64-bit processor and Embedded M10 Motion Co-processor","36":"A11 Bionic Chip with 64-bit Architecture, Neural Engine, Embedded M11 Motion Coprocessor Processor","37":"A12 Bionic Chip Processor","38":"A12 Bionic Chip Processor","39":"Apple A10 Fusion 64-bit processor and Embedded M10 Motion Co-processor","40":"A12 Bionic Chip Processor","41":"Apple A10 Fusion 64-bit processor and Embedded M10 Motion Co-processor","42":"A12 Bionic Chip Processor","43":"Apple A10 Fusion 64-bit processor and Embedded M10 Motion Co-processor","44":"Apple A10 Fusion 64-bit processor and Embedded M10 Motion Co-processor","45":"A12 Bionic Chip Processor","46":"A12 Bionic Chip Processor","47":"A10 Fusion Chip with 64-bit Architecture and Embedded M10 Motion Co-processor","48":"A12 Bionic Chip Processor","49":"A12 Bionic Chip Processor","50":"A12 Bionic Chip Processor","51":"A12 Bionic Chip Processor","52":"Apple A9 64-bit processor and Embedded M9 Motion Co-processor","53":"Apple A9 64-bit processor and Embedded M9 Motion Co-processor","54":"Apple A10 Fusion 64-bit processor and Embedded M10 Motion Co-processor","55":"A12 Bionic Chip Processor","56":"Apple A9 64-bit processor and Embedded M9 Motion Co-processor","57":"A9 Chip with 64-bit Architecture and M9 Motion Co-processor","58":"A10 Fusion Chip with 64-bit Architecture and Embedded M10 Motion Co-processor","59":"A10 Fusion Chip with 64-bit Architecture and Embedded M10 Motion Co-processor","60":"A10 Fusion Chip with 64-bit Architecture and Embedded M10 Motion Co-processor","61":"Apple A10 Fusion 64-bit processor and Embedded M10 Motion Co-processor","62":"A9 Chip with 64-bit Architecture and M9 Motion Co-processor","63":"A12 Bionic Chip Processor","64":"A10 Fusion Chip with 64-bit Architecture and Embedded M10 Motion Co-processor","65":"A9 Chip with 64-bit Architecture and M9 Motion Co-processor","66":"A9 Chip with 64-bit Architecture and M9 Motion Co-processor","67":"A9 Chip with 64-bit Architecture and M9 Motion Co-processor","68":"A10 Fusion Chip with 64-bit Architecture and Embedded M10 Motion Co-processor","69":"A12 Bionic Chip Processor","70":"A9 Chip with 64-bit Architecture and M9 Motion Co-processor","71":"A10 Fusion Chip with 64-bit Architecture and Embedded M10 Motion Co-processor","72":"A9 Chip with 64-bit Architecture and M9 Motion Co-processor","73":"A9 Chip with 64-bit Architecture and M9 Motion Co-processor","74":"A9 Chip with 64-bit Architecture and M9 Motion Co-processor","75":"Apple A9 64-bit processor and Embedded M9 Motion Co-processor","76":"A9 Chip with 64-bit Architecture and M9 Motion Co-processor","77":"Apple A9 64-bit processor and Embedded M9 Motion Co-processor","78":"Apple A9 64-bit processor and Embedded M9 Motion Co-processor","79":"A6 Chip Processor","80":"Apple A9 64-bit processor and Embedded M9 Motion Co-processor","81":"A6 Chip Processor","82":"A9 Chip with 64-bit Architecture and M9 Motion Co-processor","83":"A9 Chip with 64-bit Architecture and M9 Motion Co-processor","84":"A6 Chip Processor","85":"A6 Chip Processor","86":"A12 Bionic Chip Processor","87":"A12 Bionic Chip Processor","88":"Apple A8 64-bit processor and M8 Motion Co-processor","89":"A8 Chip with 64-bit Architecture and M8 Motion Co-processor","90":"A8 Chip with 64-bit Architecture and M8 Motion Co-processor","91":"A8 Chip with 64-bit Architecture and M8 Motion Co-processor","92":"A8 Chip with 64-bit Architecture and M8 Motion Co-processor","93":"Apple A9 64-bit processor and Embedded M9 Motion Co-processor","94":"A6 Chip Processor","95":"A6 Chip Processor","96":"Apple A10 Fusion 64-bit processor and Embedded M10 Motion Co-processor","97":"A5 Chip Processor","98":"A5 Chip Processor","99":"A5 Chip Processor","100":"A5 Chip Processor","101":"A11 Bionic Chip with 64-bit Architecture, Neural Engine, Embedded M11 Motion Coprocessor Processor","102":"A8 Chip with 64-bit Architecture and M8 Motion Co-processor","103":"Apple A8 64-bit processor and M8 Motion Co-processor","104":"A8 Chip with 64-bit Architecture and M8 Motion Co-processor","105":"A8 Chip with 64-bit Architecture and M8 Motion Co-processor","106":"Apple A7 64-bit processor and M7 Motion Co-processor","107":"Apple A7 64-bit processor and M7 Motion Co-processor","108":"Apple A7 64-bit processor and M7 Motion Co-processor","109":"A8 Chip with 64-bit Architecture and M8 Motion Co-processor","110":"Apple A8 64-bit processor and M8 Motion Co-processor","111":"A8 Chip with 64-bit Architecture and M8 Motion Co-processor"},"rating":{"0":"4.7","1":"4.4","2":"4.4","3":"4.5","4":"4.5","5":"4.5","6":"4.5","7":"4.4","8":"4.5","9":"4.4","10":"4.5","11":"4.5","12":"4.1","13":"4.5","14":"4.4","15":"4.4","16":"4.6","17":"4.6","18":"4.6","19":"4.6","20":"4.6","21":"4.4","22":"4.6","23":"4.7","24":"4.6","25":"4.5","26":"4.7","27":"4.6","28":"4.6","29":"4.4","30":"4.6","31":"4.7","32":"4.6","33":"4.5","34":"4.6","35":"4.6","36":"4.6","37":"4.6","38":"4.6","39":"4.6","40":"4.6","41":"4.6","42":"4.6","43":"4.5","44":"4.5","45":"4.6","46":"4.7","47":"4.5","48":"4.7","49":"4.6","50":"4.6","51":"4.6","52":"4.5","53":"4.5","54":"4.5","55":"4.6","56":"4.5","57":"4.4","58":"4.5","59":"4.6","60":"4.7","61":"4.5","62":"4.4","63":"4.6","64":"4.7","65":"4.5","66":"3.7","67":"4.3","68":"4.6","69":"4.6","70":"474","71":"53 ","72":"4.5","73":"4.2","74":"475","75":"4.5","76":"4.6","77":"4.5","78":"4.5","79":"226","80":"4.2","81":"4.3","82":"3.7","83":"3.9","84":"4.3","85":"3.9","86":"4.6","87":"4.6","88":"4.5","89":"47 ","90":"4.4","91":"4.5","92":"4.7","93":"425","94":"446","95":"1.8","96":"4.5","97":"4.2","98":"4.2","99":"3.3","100":"3.3","101":"4.6","102":"4.5","103":"4.4","104":"4.6","105":"4.5","106":"4.3","107":"4.4","108":"4.3","109":"4.3","110":"3.5","111":"4.6"},"rom":{"0":"64 GB ROM ","1":"32 GB ROM ","2":"32 GB ROM ","3":"32 GB ROM ","4":"32 GB ROM ","5":"32 GB ROM ","6":"32 GB ROM ","7":"32 GB ROM ","8":"32 GB ROM ","9":"32 GB ROM ","10":"32 GB ROM ","11":"32 GB ROM ","12":"32 MB RAM  32 MB ROM ","13":"256 GB ROM ","14":"32 GB ROM ","15":"32 GB ROM ","16":"256 GB ROM ","17":"64 GB ROM ","18":"64 GB ROM ","19":"64 GB ROM ","20":"64 GB ROM ","21":"32 GB ROM ","22":"256 GB ROM ","23":"256 GB ROM ","24":"256 GB ROM ","25":"256 GB ROM ","26":"256 GB ROM ","27":"256 GB ROM ","28":"32 GB ROM ","29":"256 GB ROM ","30":"256 GB ROM ","31":"64 GB ROM ","32":"64 GB ROM ","33":"128 GB ROM ","34":"64 GB ROM ","35":"32 GB ROM ","36":"64 GB ROM ","37":"64 GB ROM ","38":"256 GB ROM ","39":"128 GB ROM ","40":"64 GB ROM ","41":"128 GB ROM ","42":"64 GB ROM ","43":"128 GB ROM ","44":"128 GB ROM ","45":"64 GB ROM ","46":"64 GB ROM ","47":"128 GB ROM ","48":"512 GB ROM ","49":"64 GB ROM ","50":"64 GB ROM ","51":"512 GB ROM ","52":"32 GB ROM ","53":"32 GB ROM ","54":"32 GB ROM ","55":"128 GB ROM ","56":"32 GB ROM ","57":"16 GB ROM ","58":"256 GB ROM ","59":"256 GB ROM ","60":"256 GB ROM ","61":"256 GB ROM ","62":"64 GB ROM ","63":"128 GB ROM ","64":"256 GB ROM ","65":"16 GB ROM ","66":"128 GB ROM ","67":"64 GB ROM ","68":"256 GB ROM ","69":"512 GB ROM ","70":"128 GB ROM ","71":"256 GB ROM ","72":"16 GB ROM ","73":"128 GB ROM ","74":"128 GB ROM ","75":"128 GB ROM ","76":"64 GB ROM ","77":"128 GB ROM ","78":"128 GB ROM ","79":"32 GB ROM ","80":"64 GB ROM ","81":"8 GB ROM ","82":"128 GB ROM ","83":"128 GB ROM ","84":"8 GB ROM ","85":"8 GB ROM ","86":"256 GB ROM ","87":"256 GB ROM ","88":"16 GB ROM ","89":"128 GB ROM ","90":"64 GB ROM ","91":"64 GB ROM ","92":"64 GB ROM ","93":"64 GB ROM ","94":"8 GB ROM ","95":"32 GB ROM ","96":"32 GB ROM ","97":"8 GB ROM ","98":"8 GB ROM ","99":"8 GB ROM ","100":"16 GB ROM ","101":"256 GB ROM ","102":"64 GB ROM ","103":"16 GB ROM ","104":"128 GB ROM ","105":"16 GB ROM ","106":"16 GB ROM ","107":"16 GB ROM ","108":"16 GB ROM ","109":"128 GB ROM ","110":"128 GB ROM ","111":"64 GB ROM "}}